"Item ID","Item Name","Item Description","Item Usage","Item Icon"
"2001","基础作战记录","在恶劣环境下的每次行动都可能有人会丢掉性命。如果做好了充足的准备，或许也能多拯救一些生命。
存储了数场战斗的录像。","记录了作战录像的存储装置，可以些微增加干员的经验值。","sprite_exp_card_t1"
"2002","初级作战记录","在恶劣环境下的每次行动都可能有人会丢掉性命。如果做好了充足的准备，或许也能多拯救一些生命。
存储了多场战斗的录像与详细数据分析资料。附送了三小时的花絮与访谈。","记录了作战录像的存储装置，可以少许增加干员的经验值。","sprite_exp_card_t2"
"2003","中级作战记录","在恶劣环境下的每次行动都可能有人会丢掉性命。如果做好了充足的准备，或许也能多拯救一些生命。
存储了多个录像集锦，夹带了一张录像人的签名版。","记录了作战录像的存储装置，可以大幅增加干员的经验值。","sprite_exp_card_t3"
"2004","高级作战记录","在恶劣环境下的每次行动都可能有人会丢掉性命。如果做好了充足的准备，或许也能多拯救一些生命。
追加了总集篇。附带高清版、高清重制版、威力加强版、导演剪辑版、年度黄金版……","记录了作战录像的存储装置，可以极大增加干员的经验值。","sprite_exp_card_t4"
"3003","赤金","需要多少矿石才能提炼出如此贵重的金条呢——之类的想法已经不重要了。现在它正整整齐齐堆在你眼前，这才是关键啊。","提纯精炼后的金条，可以换取大量龙门币。","MTL_GOLD3"
"3105","龙骨","整个罗德岛得以构成的基础。不知道为何，罗德岛在一些特别的设施中会经常使用这种结构复杂且必须特别制作或购买的巨型原件。","精密的人造构件，是基础建设的核心材料。","MTL_BASE_ESS"
"3112","碳","可生产出种类繁多的聚合物，是工业制造不可缺少的原材料之一。","碳原料，用于开发罗德岛的基础设施。","MTL_BASE_SL1"
"3113","碳素","轻量，高纯度，具备优质的可加工性，我们如今的辉煌时代正是建立在它们的脊梁上。","碳素砖，用于开发罗德岛的基础设施。","MTL_BASE_SL2"
"3114","碳素组","大量的碳素资源。每一块砖都饱含着燃烧的工业之魂。","一组碳素砖，用于开发罗德岛的基础设施。","MTL_BASE_SL3"
"3131","基础加固建材","对房间进行改造时，如果不施加妥善的处理，施工将会对承重部位造成不可逆转的破坏。请在启动工程前使用加固建材保证房间完整性。","基本的建筑工程材料，用于罗德岛的基础设施。","MTL_BASE_SYNTH1"
"3132","进阶加固建材","如果打算对土木结构较为脆弱的区域内的房间进行改造，请在施工前使用此种建材进行维护。这样一来，建设初期的安全隐患将会迎刃而解。之后，请开始您的表演。","强化的建筑工程材料，用于罗德岛的基础设施。","MTL_BASE_SYNTH2"
"3133","高级加固建材","请勿对使用该标准建材维护过的房间进行无限制的稳定性测试！理论认为，目前已知的测试手段并不能破坏此房间的结构完整，但有可能导致实验者灰飞烟灭。","高等级的建筑工程材料，用于罗德岛的基础设施。","MTL_BASE_SYNTH3"
"3141","源石碎片","从遭受重度污染的地区回收的源石碎块，存在高感染威胁及一定突变概率，是哥伦比亚疾病防控中心毒性数据库重点提及的危险物质。","从污染区域中收集到的源石碎片，用以制作合成玉。","MTL_DIAMOND_SHD"
"3211","先锋芯片","通过努力特训得来的素材，似乎能对资历尚浅的先锋有特别的帮助。","通过记录特殊训练获得的存储芯片，有助于满足先锋干员在晋升时的强化需要。","MTL_ASC_PIO1"
"3212","先锋芯片组","通过努力特训得来的素材，似乎能对日渐成熟的先锋干员有特别的指导。","通过记录特殊训练获得的存储芯片组，有助于满足先锋干员在晋升时的强化需要。","MTL_ASC_PIO2"
"3213","先锋双芯片","通过努力特训得来的素材，似乎能对资历颇深的先锋干员有特别的提升。","通过记录特殊训练获得的成对存储芯片，有助于满足先锋干员在晋升时的强化需要。","MTL_ASC_PIO3"
"3221","近卫芯片","通过努力特训得来的素材，似乎能对资历尚浅的近卫干员有特别的帮助。","通过记录特殊训练获得的存储芯片，有助于满足近卫干员在晋升时的强化需要。","MTL_ASC_GRD1"
"3222","近卫芯片组","通过努力特训得来的素材，似乎能对日渐成熟的近卫干员有特别的指导。","通过记录特殊训练获得的存储芯片组，有助于满足近卫干员在晋升时的强化需要。","MTL_ASC_GRD2"
"3223","近卫双芯片","通过努力特训得来的素材，似乎能对资历颇深的近卫干员有特别的提升。","通过记录特殊训练获得的成对存储芯片，有助于满足近卫干员在晋升时的强化需要。","MTL_ASC_GRD3"
"3231","重装芯片","通过努力特训得来的素材，似乎能对资历尚浅的重装干员有特别的帮助。","通过记录特殊训练获得的存储芯片，有助于满足重装干员在晋升时的强化需要。","MTL_ASC_TNK1"
"3232","重装芯片组","通过努力特训得来的素材，似乎能对日渐成熟的重装干员有特别的指导。","通过记录特殊训练获得的存储芯片组，有助于满足重装干员在晋升时的强化需要。","MTL_ASC_TNK2"
"3233","重装双芯片","通过努力特训得来的素材，似乎能对资历颇深的重装干员有特别的提升。","通过记录特殊训练获得的成对存储芯片，有助于满足重装干员在晋升时的强化需要。","MTL_ASC_TNK3"
"3241","狙击芯片","通过努力特训得来的素材，似乎能对资历尚浅的狙击干员有特别的帮助。","通过记录特殊训练获得的存储芯片，有助于满足狙击干员在晋升时的强化需要。","MTL_ASC_SNP1"
"3242","狙击芯片组","通过努力特训得来的素材，似乎能对日渐成熟的狙击干员有特别的指导。","通过记录特殊训练获得的存储芯片组，有助于满足狙击干员在晋升时的强化需要。","MTL_ASC_SNP2"
"3243","狙击双芯片","通过努力特训得来的素材，似乎能对资历颇深的狙击干员有特别的提升。","通过记录特殊训练获得的成对存储芯片，有助于满足狙击干员在晋升时的强化需要。","MTL_ASC_SNP3"
"3251","术师芯片","通过努力特训得来的素材，似乎能对资历尚浅的术师干员有特别的帮助。","通过记录特殊训练获得的存储芯片，有助于满足术师干员在晋升时的强化需要。","MTL_ASC_CST1"
"3252","术师芯片组","通过努力特训得来的素材，似乎能对日渐成熟的术师干员有特别的指导。","通过记录特殊训练获得的存储芯片组，有助于满足术师干员在晋升时的强化需要。","MTL_ASC_CST2"
"3253","术师双芯片","通过努力特训得来的素材，似乎能对资历颇深的术师干员有特别的提升。","通过记录特殊训练获得的成对存储芯片，有助于满足术师干员在晋升时的强化需要。","MTL_ASC_CST3"
"3261","医疗芯片","通过努力特训得来的素材，似乎能对资历尚浅的医疗干员有特别的帮助。","通过记录特殊训练获得的存储芯片，有助于满足医疗干员在晋升时的强化需要。","MTL_ASC_MED1"
"3262","医疗芯片组","通过努力特训得来的素材，似乎能对日渐成熟的医疗干员有特别的指导。","通过记录特殊训练获得的存储芯片组，有助于满足医疗干员在晋升时的强化需要。","MTL_ASC_MED2"
"3263","医疗双芯片","通过努力特训得来的素材，似乎能对资历颇深的医疗干员有特别的提升。","通过记录特殊训练获得的成对存储芯片，有助于满足医疗干员在晋升时的强化需要。","MTL_ASC_MED3"
"3271","辅助芯片","通过努力特训得来的素材，似乎能对资历尚浅的辅助干员有特别的帮助。","通过记录特殊训练获得的存储芯片，有助于满足辅助干员在晋升时的强化需要。","MTL_ASC_SUP1"
"3272","辅助芯片组","通过努力特训得来的素材，似乎能对日渐成熟的辅助干员有特别的指导。","通过记录特殊训练获得的存储芯片组，有助于满足辅助干员在晋升时的强化需要。","MTL_ASC_SUP2"
"3273","辅助双芯片","通过努力特训得来的素材，似乎能对资历颇深的辅助干员有特别的提升。","通过记录特殊训练获得的成对存储芯片，有助于满足辅助干员在晋升时的强化需要。","MTL_ASC_SUP3"
"3281","特种芯片","通过努力特训得来的素材，似乎能对资历尚浅的特种干员有特别的帮助。","通过记录特殊训练获得的存储芯片，有助于满足特种干员在晋升时的强化需要。","MTL_ASC_SPC1"
"3282","特种芯片组","通过努力特训得来的素材，似乎能对日渐成熟的特种干员有特别的指导。","通过记录特殊训练获得的存储芯片组，有助于满足特种干员在晋升时的强化需要。","MTL_ASC_SPC2"
"3283","特种双芯片","通过努力特训得来的素材，似乎能对资历颇深的特种干员有特别的提升。","通过记录特殊训练获得的成对存储芯片，有助于满足特种干员在晋升时的强化需要。","MTL_ASC_SPC3"
"3301","技巧概要·卷1","记录着干员们所需的入门技艺，普通人只要经过简略学习就能完全掌握。","记载了入门技巧的书籍，用于升级干员技能。","MTL_SKILL1"
"3302","技巧概要·卷2","记录着干员们所需的进阶技艺，需要耗费一定时间研读并付诸实践才能扎实掌握。","记载了进阶技巧的书籍，用于升级干员技能。","MTL_SKILL2"
"3303","技巧概要·卷3","记录着干员们所需的专家级技艺，需要特定领域长久的经验积累才能一窥其中的奥妙。","记载了专家技巧的书籍，用于升级干员技能。","MTL_SKILL3"
"3401","家具零件","桌腿、扶手、坐垫，什么都有，只要稍加组合，就能变成精美的家具了。","用以合成家具的零件","COIN_FURN"
"4001","龙门币","经济危机发生后，经济的衰退与政权之间的对立让贸易参与者们举步维艰。龙门币的流通使商业复兴成为可能。","由龙门发行的货币，用途广泛。","GOLD"
"4002","至纯源石","在工业中用量巨大的源石结晶，但有着较高的提取难度。是世界的主要能源类精加工产物，同时也是几乎所有源石技艺得以施展的根本。如今，即使“它会传播绝症”的传言甚嚣尘上，也依旧没多少人能抵挡住它的诱惑。","危险而又必不可少的物质。较为珍贵，用途多样。","DIAMOND"
"4003","合成玉","由至纯源石加工而来，混合了其他矿物以后的源石产物。以前仅能当作一些传导元件使用，现在却逐渐成为人事交互关系中令人信服的象征物。","合成物质。常用于招募干员。","DIAMOND_SHD"
"4004","高级凭证","感染者隔离法案是现代国家最后的遮羞布。只要你运用些许特殊的技巧，这一切便如薄纸般不堪一击——莱塔尼亚的一位导师曾如此教导她。","代表干员拥有某方向专业能力的权威性凭证，可用于兑换稀有物资。","HGG_SHD"
"4005","资质凭证","当今时代，搜罗人才是一件困难的事；而若要从躲在阴暗处的感染者中寻求可用之才，更无异于大海捞针。如果罗德岛能成为包容所有人的大海，是否就可以省去诸多烦恼呢？","代表干员拥有普通能力的凭证，可用于兑换物资。","LGG_SHD"
"4006","采购凭证","维持罗德岛的运转需要巨额经费和庞杂的原料，所以，通过各类渠道进行商业活动以平衡开支是必要的。","代表罗德岛商业运作资质的凭证，可用于兑换物资。","EXGG_SHD"
"5001","声望","做得很好，就这样继续变强吧。只要坚持不懈，所有的心血都不会白费的。","战斗结束后获得的经验。足以见证博士的成长。","EXP_PLAYER"
"6001","演习券","凡事欲速则不达。对于罗德岛而言，每一次正式交战都意味着会出现人员伤亡的可能性，因此，在进入实战前多利用演习参透对方的布置才是上策，不然等到中了敌方埋伏，一切都来不及了。","有关实战前演习的计划书。在选择行动的界面使用，可以模拟出正式交战时的场景，以便指挥部拟定实战策略。","TKT_TRY"
"7001","招聘许可","人事部的同事们每天都要处理巨量信息，但他们总是能从砂土中淘出那块属于罗德岛的黄金。","罗德岛人事部颁发的许可书，可从公开渠道招聘一位干员。","TKT_RECRUIT"
"7002","加急许可","收到这份加急许可的人请立即来人事部报道！","罗德岛人事部颁发的加急许可证书，可以通过特殊手段立即传唤一位新晋干员。","TKT_INST_FIN"
"7003","寻访凭证","相比罗德岛，猎头公司有着更广的人脉与资源。他们或许比罗德岛更擅长从各个领域发掘人才，而这也是人事部愿意支付高额佣金的唯一原因。","罗德岛人事部颁发的许可书，可从猎头公司招聘一位干员。","TKT_GACHA"
"7004","十连寻访凭证","在罗德岛需求大量人才的时候，一般的许可书将会降低猎头公司工作的效率。为了推进罗德岛的发展，人事部颁发了此类批量寻访人才的证书。","罗德岛人事部颁发的许可书，用于从猎头公司批量招聘干员。一次可以招聘十位干员。","TKT_GACHA_10"
"30011","源岩","富含有机物，常见于源石挥发殆尽后的地区。相对源石来说是较为容易采集的材料。","从地表开采出的岩石，可用于多种强化场合，也常作为制造站合成项目的原料。","MTL_SL_G1"
"30012","固源岩","内含有密集的微孔，常作为源石气体分解物的吸附剂。多用于防护夹层。","从地表开采出的岩石固块，可用于多种强化场合，也常作为制造站合成项目的原料。","MTL_SL_G2"
"30013","固源岩组","固源岩的压缩定型产物，可自然形成。易碎，随着工业实力的提升，采集到更加完整的固源岩组已不成问题。只是在分类存放时容易和其它用途的石料搞混。","从地表开采出的岩石固块组，可用于多种强化场合，也常作为制造站合成项目的原料。","MTL_SL_G3"
"30014","提纯源岩","高度提纯后的源岩展现出了不同于原料的型态，其工艺消耗与提纯成本也急剧上升。无论是谁，看着规则的切割面都会不禁发出感慨吧。这就是工业与自然结合的魅力。","从地表开采出的岩石固块组提纯出的物质，可用于多种强化场合，也常作为制作聚合剂的原料之一。","MTL_SL_G4"
"30021","代糖","有着微弱的甜味，也许可以吃。同时其溶液也常用于化工用途。","机械化制作的廉价天然糖替代产物，可用于多种强化场合，也常作为制造站合成项目的原料。","MTL_SL_STRG1"
"30022","糖","使用自然原材制作的稍显贵重的糖料。啊啊，这个味道……会带来不错的好心情。不是用来当零食吃的。","机械化制作的少量糖块，可用于多种强化场合，也常作为制造站合成项目的原料。","MTL_SL_STRG2"
"30023","糖组","饱含能量、广受欢迎的糖块组合包。在被加工成化工材料之前，份量就总是有所减少。流水线上的员工们似乎脱不了干系。","机械化制作的中等量糖块，可用于多种强化场合，也常作为制造站合成项目的原料。","MTL_SL_STRG3"
"30024","糖聚块","充满诱惑力的精加工糖块堆，通常用于制备药剂。严禁在加工前偷吃！这不是一般的食品，也不会作为食品售卖！不会！","机械化制作的大量糖块，可用于多种强化场合，也常作为制造站合成项目的原料。","MTL_SL_STRG4"
"30031","酯原料","近代工业中至关重要的材料之一，许多现代产品的诞生都归功于它的出现。当然了，这只是原料，几乎派不上什么大用场。","工业制造所需的酯原料，可用于多种强化场合，也常作为制造站合成项目的原料。","MTL_SL_RUSH1"
"30032","聚酸酯","虽然强度上还略有不足，但已经可以用来制作我们所需要的部分基础物件。同时是一些缓释药物中的常用成分。","工业制造所需的零散聚酸酯，可用于多种强化场合，也常作为制造站合成项目的原料。","MTL_SL_RUSH2"
"30033","聚酸酯组","进一步加工后的材料，符合通用标准，能够满足市面上绝大多数的需求。可以用于加工一些特殊材料。","工业制造所需的一组聚酸酯，可用于多种强化场合，也常作为制造站合成项目的原料。","MTL_SL_RUSH3"
"30034","聚酸酯块","精炼提纯后的材料。作为商品，主要面向的客户是对原材料有极高要求的组织和科研机构。也许会成为新一代材料的试金石也说不定哦。","工业制造所需的成块聚酸酯，可用于多种强化场合，也常作为制造站合成项目的原料。","MTL_SL_RUSH4"
"30041","异铁碎片","大规模金属原料加工的副产物，因其可塑性强、难以被氧化的特性，常被用于材料金属熔炼与阶段性再处理。","普普通通的工业材料。可用于多种强化场合，也常作为制造站合成项目的原料。","MTL_SL_IRON1"
"30042","异铁","在少数惰化流程中，异铁碎片偶尔会产生相变，聚合为异铁。一般认为达到此量级的异铁产物才是异铁较为稳定的形态。","罕见的工业材料。可用于多种强化场合，也常作为制造站合成项目的原料。","MTL_SL_IRON2"
"30043","异铁组","加工过程中，多块异铁在极少数非人为因素影响下，偶然产生的异铁组合，硬度下降，纯度进一步上升。","珍贵的工业材料。可用于多种强化场合，也常作为制造站合成项目的原料。","MTL_SL_IRON3"
"30044","异铁块","在极为苛刻的条件下，由多套异铁组熔铸成型的异铁块。已知异铁材料中最为稳定也最为稀少的形式，作为原材料，足以打破现有制品运用领域的疆界。","价值高昂的工业材料。可用于多种强化场合，也常作为制作聚合剂的原料之一。","MTL_SL_IRON4"
"30051","双酮","极少量的非单酮制剂，通过再处理后，工程干员将藉由其发生的化合反应转变过程中的固化现象，来粘结其它稳定结构。","极少量的工业用有机化合物。可用于多种强化场合，也常作为制造站合成项目的原料。","MTL_SL_KETONE1"
"30052","酮凝集","经过特殊处理后产出的少量多态酮制剂，易于闭合的分子构造能将原本繁杂的处理工艺简化为单纯的化学反应，当然，也需要一定的技术支持。","少量的工业用有机化合物。可用于多种强化场合，也常作为制造站合成项目的原料。","MTL_SL_KETONE2"
"30053","酮凝集组","进一步脱烃处理后得到的中等量酮制剂。制剂接触空气后易与空气中的一些非氧分子发生反应。所以在处理过程中，工程干员理当精准操作，以免浪费材料。","中等量的工业用有机化合物。可用于多种强化场合，也常作为制造站合成项目的原料。","MTL_SL_KETONE3"
"30054","酮阵列","由工程干员严格监控的大量不稳定实验性酮制剂。是高级的工业材料之一，运用时也请多加小心。","大量的工业用有机化合物。可用于多种强化场合，也常作为制作聚合剂的原料之一。","MTL_SL_KETONE4"
"30061","破损装置","一些残破的装置。这些装置曾被拼装在敌人的武器和防具上，经历了激烈的战斗后已经损坏，不过其内部元件依旧具备一定的使用价值。","收缴来的破损机械装置，可用于多种强化场合，也常作为制造站合成项目的原料。","MTL_SL_BOSS1"
"30062","装置","一套相对完整的装置，含有大量密集的可用电子元件。为了迎合轻便实用的设计，主板寸土寸金的空间被塞的满满当当。","收缴来的常规机械装置，可用于多种强化场合，也常作为制造站合成项目的原料。","MTL_SL_BOSS2"
"30063","全新装置","一套全新装配而成的装置，通过重构同类型装置的结构，主板原本一直存在的空间紧张的问题得到了解决，当然启动时的能耗要求也变高了。","收缴来的全新机械装置，可用于多种强化场合，也常作为制造站合成项目的原料。","MTL_SL_BOSS3"
"30064","改量装置","经过大量私自改造的装置，是极大扩充了容量后的版本，大幅提升性能的同时牺牲了稳定性，从中能感受到制作者所投入的狂热与执着……","收缴来的高等机械装置，可用于多种强化场合，也常作为制作双极纳米片的原料之一。","MTL_SL_BOSS4"
"30073","扭转醇","优秀的化工中介体，常在两种形状间转换以储存和放出传导物质。液化后与酒精在某些性质上十分相似，时常导致整个工作间醉醺醺的。","片状有机化合物。可用于多种强化场合，也常作为制造站合成项目的原料。","MTL_SL_ALCOHOL1"
"30074","白马醇","扭转醇精加工后的产物，名字来自发现其产出方式的厂家。实验结果表明，拥有在非常态环境中向更高级结构转化的趋势。","片状有机化合物。可用于多种强化场合，也常作为制作双极纳米片的原料之一。","MTL_SL_ALCOHOL2"
"30083","轻锰矿","用以产出极为泛用的工业催化剂的金属矿物。再加工过程十分复杂，因不规范操作而导致事故的例子比比皆是。","用于提炼冶炼用的金属矿物。可用于多种强化场合，也常作为制造站合成项目的原料。","MTL_SL_MANGANESE1"
"30084","三水锰矿","少有厂家愿意用于生产工业催化剂的珍贵金属矿物。所制催化剂寿命极长，能够多次反复利用并汽提再生，然而复杂的加工工序令多数厂商望而却步。","用于提炼冶炼用的金属矿物。可用于多种强化场合，也常作为制作D32钢的原料之一。","MTL_SL_MANGANESE2"
"30093","研磨石","不起爆、不粉化、不开裂，于零件加工工序中占有重要地位的工具材料。自然属性相当稳定。","用于加工武器零件的研磨石。可用于多种强化场合，也常作为制造站合成项目的原料。","MTL_SL_PG1"
"30094","五水研磨石","相较普通研磨石，物质结构更加稳定的工具材料。极难与其它物质发生化学反应。","用于精加工武器零件的高级研磨石。可用于多种强化场合，也常作为制作D32钢的原料之一。","MTL_SL_PG2"
"30103","RMA70-12","自然态呈复杂多面体的矿物。在被发现其现代工业价值之前，就已经被发现了其在源石技艺施展中的价值。","一种敏感且有良好传导效果的矿物。可用于多种强化场合，也常作为制造站合成项目的原料。","MTL_SL_RMA7012"
"30104","RMA70-24","自然态呈复杂多面体的矿物。于1024年被发现，在庞大的工业体系中，展现出了在源石技艺体系内其他矿物不曾具备的巨大价值。","一种十分敏感且有优秀传导效果的矿物。可用于多种强化场合，也常作为制作D32钢的原料之一。","MTL_SL_RMA7024"
"30115","聚合剂","精密穿戴着装中常用的材料。多作为隔绝涂层使用。强大的聚合粘接效果足以阻断源石的挥发。","复杂的液态工业产物。用于高级强化场合。","MTL_SL_PP"
"30125","双极纳米片","对范围内源石敏感的装置。能有效提升源石附近范围内作战武器和设备对源石的敏感性，使源石技艺的存储几近可能。","现代工业的创造力结晶。用于高级强化场合。","MTL_SL_BN"
"30135","D32钢","强度超群，无法击穿，顺畅传导源石技艺，将重新订立武器材料的标准。","自然界中不应存在的人造金属材料，呈固态。用于高级强化场合。","MTL_SL_DS"
"32001","芯片助剂","价值高，产量小，让工程干员头疼。","工业生产中，制造芯片时使用的催化剂。合成双芯片的必备材料。","MTL_ASC_DI"
"SOCIAL_PT","信用","信用维系着各个群体间的关系，也是社会稳定的象征，有时候甚至比金钱还有用哦，请好好珍惜。","友谊的见证，用于在商店中兑换物资。","SOCIAL_PT"
"AP_GAMEPLAY","理智","“是什么区别了这片大地和我们自身？呼吸，还是情感？又或者是，生、老、病、死？”","用以维持自我的必要概念，支撑着各类行动的策划与执行。","AP_GAMEPLAY"
"base_ap","无人机","由罗德岛后勤部统一操控的建造用无人机，没有它们，干员们可能要多等十倍的时间才能入住。","支持罗德岛基础建设的重要机械，通常会用于基建设施的清理与建造升级等。","AP_BASE"
"tier1_pioneer","先锋信物复制品","普普通通的信物。虽然不是什么特别的物件，但也有一定的用处。","用于提升★1先锋干员的潜能","tier1_pioneer"
"tier1_guard","近卫信物复制品","普普通通的信物。虽然不是什么特别的物件，但也有一定的用处。","用于提升★1近卫干员的潜能","tier1_guard"
"tier1_sniper","狙击信物复制品","普普通通的信物。虽然不是什么特别的物件，但也有一定的用处。","用于提升★1狙击干员的潜能","tier1_sniper"
"tier1_tank","重装信物复制品","普普通通的信物。虽然不是什么特别的物件，但也有一定的用处。","用于提升★1重装干员的潜能","tier1_tank"
"tier1_medic","医疗信物复制品","普普通通的信物。虽然不是什么特别的物件，但也有一定的用处。","用于提升★1医疗干员的潜能","tier1_medic"
"tier1_supporter","辅助信物复制品","普普通通的信物。虽然不是什么特别的物件，但也有一定的用处。","用于提升★1辅助干员的潜能","tier1_supporter"
"tier1_caster","术师信物复制品","普普通通的信物。虽然不是什么特别的物件，但也有一定的用处。","用于提升★1术师干员的潜能","tier1_caster"
"tier1_special","特种信物复制品","普普通通的信物。虽然不是什么特别的物件，但也有一定的用处。","用于提升★1特种干员的潜能","tier1_special"
"tier2_pioneer","先锋信物原件","朴实无华的信物。只有在需要使用时，才会回忆起它的存在。","用于提升★2先锋干员的潜能","tier2_pioneer"
"tier2_guard","近卫信物原件","朴实无华的信物。只有在需要使用时，才会回忆起它的存在。","用于提升★2近卫干员的潜能","tier2_guard"
"tier2_sniper","狙击信物原件","朴实无华的信物。只有在需要使用时，才会回忆起它的存在。","用于提升★2狙击干员的潜能","tier2_sniper"
"tier2_tank","重装信物原件","朴实无华的信物。只有在需要使用时，才会回忆起它的存在。","用于提升★2重装干员的潜能","tier2_tank"
"tier2_medic","医疗信物原件","朴实无华的信物。只有在需要使用时，才会回忆起它的存在。","用于提升★2医疗干员的潜能","tier2_medic"
"tier2_supporter","辅助信物原件","朴实无华的信物。只有在需要使用时，才会回忆起它的存在。","用于提升★2辅助干员的潜能","tier2_supporter"
"tier2_caster","术师信物原件","朴实无华的信物。只有在需要使用时，才会回忆起它的存在。","用于提升★2术师干员的潜能","tier2_caster"
"tier2_special","特种信物原件","朴实无华的信物。只有在需要使用时，才会回忆起它的存在。","用于提升★2特种干员的潜能","tier2_special"
"tier3_pioneer","先锋信物藏品","令人在意的信物。第一眼不会留下什么印象，却总是没法忘记。","用于提升★3先锋干员的潜能","tier3_pioneer"
"tier3_guard","近卫信物藏品","令人在意的信物。第一眼不会留下什么印象，却总是没法忘记。","用于提升★3近卫干员的潜能","tier3_guard"
"tier3_sniper","狙击信物藏品","令人在意的信物。第一眼不会留下什么印象，却总是没法忘记。","用于提升★3狙击干员的潜能","tier3_sniper"
"tier3_tank","重装信物藏品","令人在意的信物。第一眼不会留下什么印象，却总是没法忘记。","用于提升★3重装干员的潜能","tier3_tank"
"tier3_medic","医疗信物藏品","令人在意的信物。第一眼不会留下什么印象，却总是没法忘记。","用于提升★3医疗干员的潜能","tier3_medic"
"tier3_supporter","辅助信物藏品","令人在意的信物。第一眼不会留下什么印象，却总是没法忘记。","用于提升★3辅助干员的潜能","tier3_supporter"
"tier3_caster","术师信物藏品","令人在意的信物。第一眼不会留下什么印象，却总是没法忘记。","用于提升★3术师干员的潜能","tier3_caster"
"tier3_special","特种信物藏品","令人在意的信物。第一眼不会留下什么印象，却总是没法忘记。","用于提升★3特种干员的潜能","tier3_special"
"tier4_pioneer","先锋传承信物","难能可见的信物。会使人产生放在口袋里带走的冲动。","用于提升★4先锋干员的潜能","tier4_pioneer"
"tier4_guard","近卫传承信物","难能可见的信物。会使人产生放在口袋里带走的冲动。","用于提升★4近卫干员的潜能","tier4_guard"
"tier4_sniper","狙击传承信物","难能可见的信物。会使人产生放在口袋里带走的冲动。","用于提升★4狙击干员的潜能","tier4_sniper"
"tier4_tank","重装传承信物","难能可见的信物。会使人产生放在口袋里带走的冲动。","用于提升★4重装干员的潜能","tier4_tank"
"tier4_medic","医疗传承信物","难能可见的信物。会使人产生放在口袋里带走的冲动。","用于提升★4医疗干员的潜能","tier4_medic"
"tier4_supporter","辅助传承信物","难能可见的信物。会使人产生放在口袋里带走的冲动。","用于提升★4辅助干员的潜能","tier4_supporter"
"tier4_caster","术师传承信物","难能可见的信物。会使人产生放在口袋里带走的冲动。","用于提升★4术师干员的潜能","tier4_caster"
"tier4_special","特种传承信物","难能可见的信物。会使人产生放在口袋里带走的冲动。","用于提升★4特种干员的潜能","tier4_special"
"tier5_pioneer","先锋遗产信物","精妙绝伦的信物。为了得到它而付出的一切努力都将被证明是值得的。","用于提升★5先锋干员的潜能","tier5_pioneer"
"tier5_guard","近卫遗产信物","精妙绝伦的信物。为了得到它而付出的一切努力都将被证明是值得的。","用于提升★5近卫干员的潜能","tier5_guard"
"tier5_sniper","狙击遗产信物","精妙绝伦的信物。为了得到它而付出的一切努力都将被证明是值得的。","用于提升★5狙击干员的潜能","tier5_sniper"
"tier5_tank","重装遗产信物","精妙绝伦的信物。为了得到它而付出的一切努力都将被证明是值得的。","用于提升★5重装干员的潜能","tier5_tank"
"tier5_medic","医疗遗产信物","精妙绝伦的信物。为了得到它而付出的一切努力都将被证明是值得的。","用于提升★5医疗干员的潜能","tier5_medic"
"tier5_supporter","辅助遗产信物","精妙绝伦的信物。为了得到它而付出的一切努力都将被证明是值得的。","用于提升★5辅助干员的潜能","tier5_supporter"
"tier5_caster","术师遗产信物","精妙绝伦的信物。为了得到它而付出的一切努力都将被证明是值得的。","用于提升★5术师干员的潜能","tier5_caster"
"tier5_special","特种遗产信物","精妙绝伦的信物。为了得到它而付出的一切努力都将被证明是值得的。","用于提升★5特种干员的潜能","tier5_special"
"tier6_pioneer","先锋皇家信物","稀世独一的信物。这么珍贵的物品，真的可以收下吗？真的吗？！","用于提升★6先锋干员的潜能","tier6_pioneer"
"tier6_guard","近卫皇家信物","稀世独一的信物。这么珍贵的物品，真的可以收下吗？真的吗？！","用于提升★6近卫干员的潜能","tier6_guard"
"tier6_sniper","狙击皇家信物","稀世独一的信物。这么珍贵的物品，真的可以收下吗？真的吗？！","用于提升★6狙击干员的潜能","tier6_sniper"
"tier6_tank","重装皇家信物","稀世独一的信物。这么珍贵的物品，真的可以收下吗？真的吗？！","用于提升★6重装干员的潜能","tier6_tank"
"tier6_medic","医疗皇家信物","稀世独一的信物。这么珍贵的物品，真的可以收下吗？真的吗？！","用于提升★6医疗干员的潜能","tier6_medic"
"tier6_supporter","辅助皇家信物","稀世独一的信物。这么珍贵的物品，真的可以收下吗？真的吗？！","用于提升★6辅助干员的潜能","tier6_supporter"
"tier6_caster","术师皇家信物","稀世独一的信物。这么珍贵的物品，真的可以收下吗？真的吗？！","用于提升★6术士干员的潜能","tier6_caster"
"tier6_special","特种皇家信物","稀世独一的信物。这么珍贵的物品，真的可以收下吗？真的吗？！","用于提升★6特种干员的潜能","tier6_special"
"p_char_285_medic2","Lancet-2的信物","外盒上标注着“一喷起效”的医疗喷雾套组。可以插入医用器械，也可以直接使用。","用于提升Lancet-2的潜能 。","p_char_285_medic2"
"p_char_286_cast3","Castle-3的信物","一面坚固的便携装甲板。不含使用说明书。","用于提升Castle-3的潜能 。","p_char_286_cast3"
"p_char_502_nblade","夜刀的信物","静静躺在漆盒中的泛黄残卷。记载着刀术练习里最晦涩的一类理论知识：平静。","用于提升夜刀的潜能 。","p_char_502_nblade"
"p_char_500_noirc","黑角的信物","残留着浓烈岁月痕迹的祭祀面具。空洞的眼眶见证了大地的黎明。","用于提升黑角的潜能 。","p_char_500_noirc"
"p_char_503_rang","巡林者的信物","两块用细绳缠挂的燧石。文明就是自这类微小的事物中诞生的。","用于提升巡林者的潜能 。","p_char_503_rang"
"p_char_501_durin","杜林的信物","由杜林族研磨的小块源石制品。紧紧握住一段时间后会突然感到精力充沛。","用于提升杜林的潜能 。","p_char_501_durin"
"p_char_009_12fce","12F的信物","外包装老旧的巧克力。背面潦草地写着“圣诞快乐”。","用于提升12F的潜能 。","p_char_009_12fce"
"p_char_123_fang","芬的信物","一双恰好合你尺寸的跑鞋。为了邀请你晨练，赠送者一定花了不少工夫。","用于提升芬的潜能 。","p_char_123_fang"
"p_char_240_wyvern","香草的信物","瓦伊凡边界草原的野生动物分布图。图上的标记在移动城市的轰鸣中渐渐消失。","用于提升香草的潜能 。","p_char_240_wyvern"
"p_char_192_falco","翎羽的信物","克制地装饰着少量羽毛的礼帽。适合拉特兰的各个节日。","用于提升翎羽的潜能 。","p_char_192_falco"
"p_char_208_melan","玫兰莎的信物","简单包装的香烛。别致的香味让人无法忘却。","用于提升玫兰莎的潜能 。","p_char_208_melan"
"p_char_209_ardign","卡缇的信物","用质地坚实的木材打造的雪橇。突然开始期待下雪。","用于提升卡缇的潜能 。","p_char_209_ardign"
"p_char_122_beagle","米格鲁的信物","整整齐齐地放在文件夹里的绩效考核单。所有考核项目的成绩都是A等。","用于提升米格鲁的潜能 。","p_char_122_beagle"
"p_char_124_kroos","克洛丝的信物","一套儿童射击玩具。包含有一把塑料弓，数支吸盘箭，以及替代箭靶的一个苹果。","用于提升克洛丝的潜能 。","p_char_124_kroos"
"p_char_211_adnach","安德切尔的信物","毛绒绒的套头帽。萨科塔人是戴不上的。","用于提升安德切尔的潜能 。","p_char_211_adnach"
"p_char_121_lava","炎熔的信物","特殊加工过的匕首套。外皮上布满了故作神秘的花纹。","用于提升炎熔的潜能 。","p_char_121_lava"
"p_char_120_hibisc","芙蓉的信物","一张专门为你定制的健康生活日程规划表。说实话，很难拒绝。","用于提升芙蓉的潜能 。","p_char_120_hibisc"
"p_char_212_ansel","安赛尔的信物","一台便于携带的气压式血压计。就算身边没有医生,也希望你能善待自己的身体。","用于提升安赛尔的潜能 。","p_char_212_ansel"
"p_char_210_stward","史都华德的信物","时兴的运动臂环。似乎是外观较为朴素的单色版。","用于提升史都华德的潜能 。","p_char_210_stward"
"p_char_278_orchid","梓兰的信物","精心包装好的高级钢笔。用它批阅文件时，会产生一种身在写字楼中的感觉。","用于提升梓兰的潜能 。","p_char_278_orchid"
"p_char_141_nights","夜烟的信物","一根汤勺。配套的凿子藏在了一本书里。","用于提升夜烟的潜能 。","p_char_141_nights"
"p_char_109_fmout","远山的信物","占卜套组中的一张卡片。虽然被告知了其中寓意，但未来由你自己决定。","用于提升远山的潜能 。","p_char_109_fmout"
"p_char_235_jesica","杰西卡的信物","一张黑钢入职纪念照。一段崭新人生的开始。","用于提升杰西卡的潜能 。","p_char_235_jesica"
"p_char_126_shotst","流星的信物","由仿佛不会凋零的嫩枝编成的头冠。卡西米尔的森林低声地询问，它们的守护者何日归还。","用于提升流星的潜能 。","p_char_126_shotst"
"p_char_118_yuki","白雪的信物","墨迹未干的书法作品。赠予罗德岛的祝福。","用于提升白雪的潜能 。","p_char_118_yuki"
"p_char_198_blackd","讯使的信物","一瓶自遥远他乡搜集来的麦芽饮品。阳光之下，金黄色的澄澈液体在玻璃瓶中闪闪发光。","用于提升讯使的潜能 。","p_char_198_blackd"
"p_char_149_scave","清道夫的信物","一枚银币。也许能用它决定一些更重要的事。","用于提升清道夫的潜能 。","p_char_149_scave"
"p_char_290_vigna","红豆的信物","练习用电吉他。带着它前往战场的提案被否决了。","用于提升红豆的潜能 。","p_char_290_vigna"
"p_char_130_doberm","杜宾的信物","红色封皮的小册子。记录了一场艰苦卓绝的战斗。","用于提升杜宾的潜能 。","p_char_130_doberm"
"p_char_289_gyuki","缠丸的信物","一副柔软的眼罩。在睡觉的时候戴上也挺不错的。","用于提升缠丸的潜能 。","p_char_289_gyuki"
"p_char_193_frostl","霜叶的信物","翻得破破烂烂的识字本。每页的空白处都认真地标注着许多图画般的符号。","用于提升霜叶的潜能 。","p_char_193_frostl"
"p_char_127_estell","艾丝黛尔的信物","一把石制的梳子。触感十分凉爽，并且还散发着淡淡的花香。","用于提升艾丝黛尔的潜能 。","p_char_127_estell"
"p_char_185_frncat","慕斯的信物","一本封皮装点着金丝花纹的相册。里面的照片来自各只与拍摄者亲近的猫猫。猫猫！","用于提升慕斯的潜能 。","p_char_185_frncat"
"p_char_237_gravel","砾的信物","磨损严重的卡西米尔骑士徽章。无论过往如何，掌握当下才重要。","用于提升砾的潜能 。","p_char_237_gravel"
"p_char_236_rope","暗索的信物","一件连价格标识都没撕掉的昂贵装饰品。真的可以收下吗......","用于提升暗索的潜能 。","p_char_236_rope"
"p_char_117_myrrh","末药的信物","以多种草药混合制作的药丸。生病的时候一定能派上用场，何况每颗药丸都被细心地裹上了糖衣。","用于提升末药的潜能 。","p_char_117_myrrh"
"p_char_187_ccheal","嘉维尔的信物","一套按摩工具。可以用它缓解身体被奇怪的医疗法术折腾之后产生的疲劳感。","用于提升嘉维尔的潜能 。","p_char_187_ccheal"
"p_char_181_flower","调香师的信物","富有米诺斯古典时代气息的双耳花瓶。需赠送者本人定期更换新鲜花卉。","用于提升调香师的潜能 。","p_char_181_flower"
"p_char_199_yak","角峰的信物","略微有些粗糙的木雕人像。垂首低眉的姿态十分安详。","用于提升角峰的潜能 。","p_char_199_yak"
"p_char_150_snakek","蛇屠箱的信物","普通的棒球棍，棍身歪歪扭扭地写着数位知名球手的签名。虽然，也许，大概，即使签名是模仿的，想要分享的心情却是真实的。","用于提升蛇屠箱的潜能 。","p_char_150_snakek"
"p_char_196_sunbr","古米的信物","一张“古米早餐厨房”优惠卷。-100%是不是免费的意思......？","用于提升古米的潜能 。","p_char_196_sunbr"
"p_char_110_deepcl","深海色的信物","手绘的童话故事书。在生命与死亡间跋涉的主人公，最终踏入了河流的尽头。","用于提升深海色的潜能 。","p_char_110_deepcl"
"p_char_183_skgoat","地灵的信物","形状古怪的小块矿石。放在耳边时，似乎能听见液体流动的细微声响。","用于提升地灵的潜能 。","p_char_183_skgoat"
"p_char_277_sqrrel","阿消的信物","一本邮票纪念册。以前，它的拥有者根本不会允许他人触碰自己宝贵的收集。","用于提升阿消的潜能 。","p_char_277_sqrrel"
"p_char_128_plosis","白面鸮的信物","论证源石技艺如何识别与执行的工具书。大部分干员都读不懂。","用于提升白面鸮的潜能 。","p_char_128_plosis"
"p_char_115_headbr","凛冬的信物","从红色的旗帜上撕下的布条。不知为何，将它系在臂膀上时，会不自主地感到悲伤。","用于提升凛冬的潜能 。","p_char_115_headbr"
"p_char_102_texas","德克萨斯的信物","一枚德克萨斯家族的标牌。其上的划痕尘封了一段往事。","用于提升德克萨斯的潜能 。","p_char_102_texas"
"p_char_106_franka","芙兰卡的信物","一张旅行计划书。因为规划的目的地太多而导致相当难以实现。","用于提升芙兰卡的潜能 。","p_char_106_franka"
"p_char_155_tiger","因陀罗的信物","能够保存很久的罐装咸甘草糖。让人难以亲近的外表下是让人更加难以亲近的味道。","用于提升因陀罗的潜能 。","p_char_155_tiger"
"p_char_140_whitew","拉普兰德的信物","数个印着名字的染血标牌。来自各个帮派的家长。","用于提升拉普兰德的潜能 。","p_char_140_whitew"
"p_char_143_ghost","幽灵鲨的信物","一幅难以描述的绘画。斑驳的留白令人茫然若失。","用于提升幽灵鲨的潜能 。","p_char_143_ghost"
"p_char_129_bluep","蓝毒的信物","一张高级服装店的购物卡。抛开千篇一律的制服，尽兴搭配吧。","用于提升蓝毒的潜能 。","p_char_129_bluep"
"p_char_204_platnm","白金的信物","两张游乐园的门票。这个周末一起去吧。","用于提升白金的潜能 。","p_char_204_platnm"
"p_char_219_meteo","陨星的信物","从营救过的萨卡兹孩子那里收到的信。乱七八糟地写着对罗德岛的感谢。","用于提升陨星的潜能 。","p_char_219_meteo"
"p_char_002_amiya","阿米娅的信物","“总有一天你会理解我的选择......原谅我。”","用于提升阿米娅的潜能 。","p_char_002_amiya"
"p_char_166_skfire","天火的信物","一颗触感冰凉的玻璃珠，内里的颜色正在翻腾燃烧。","用于提升天火的潜能 。","p_char_166_skfire"
"p_char_242_otter","梅尔的信物","小号的咪波模型。腹部有一个红色的圆形按钮。唔......","用于提升梅尔的潜能 。","p_char_242_otter"
"p_char_108_silent","赫默的信物","一枚斑纹羽毛饰品。不善言辞的黎博利科研人员通过赠送自己的羽毛来托付情感。","用于提升赫默的潜能 。","p_char_108_silent"
"p_char_171_bldsk","华法琳的信物","被封存在透明小瓶的神秘液体。粘稠而富有光泽的红色在你的晃动之下，于瓶中缓缓地改变着形态。","用于提升华法琳的潜能 。","p_char_171_bldsk"
"p_char_148_nearl","临光的信物","古旧褪色的卡西米尔骑士纹章。乌银雕饰的天马振翅欲飞。","用于提升临光的潜能 。","p_char_148_nearl"
"p_char_144_red","红的信物","一颗尖尖的乳牙。希望你能帮她收好。","用于提升红的潜能 。","p_char_144_red"
"p_char_107_liskam","雷蛇的信物","特制的防电手环。终于，安全握手。","用于提升雷蛇的潜能 。","p_char_107_liskam"
"p_char_201_moeshd","可颂的信物","一张设计得十分少女的名片。比起寻常名片多出了一个收款码和“请多惠顾~”的字样。","用于提升可颂的潜能 。","p_char_201_moeshd"
"p_char_163_hpsts","火神的信物","花纹优美的钢胚。无论是何等品质的原料，都必须经过锤炼打磨才能够成型。","用于提升火神的潜能 。","p_char_163_hpsts"
"p_char_145_prove","普罗旺斯的信物","一台多功能吸尘器。更多时候用于清理从干员们尾巴上掉落的毛。","用于提升普罗旺斯的潜能 。","p_char_145_prove"
"p_char_158_milu","守林人的信物","造型简单的口琴。悠扬乐声响起的瞬间，落叶如雨。","用于提升守林人的潜能 。","p_char_158_milu"
"p_char_173_slchan","崖心的信物","手工编织的绳环。三股长绳紧紧缠绕在一起，不分彼此。","用于提升崖心的潜能 。","p_char_173_slchan"
"p_char_174_slbell","初雪的信物","小小的银色铃铛。微风吹拂之下，幽远的铃声沁人心脾。","用于提升初雪的潜能 。","p_char_174_slbell"
"p_char_195_glassb","真理的信物","一本讲述乌萨斯战争史的著作。据说作者现正流亡于莱塔尼亚。","用于提升真理的潜能 。","p_char_195_glassb"
"p_char_101_sora","空的信物","空作为偶像出道时发售的单曲CD。虽然是一首儿童向的卡通歌曲，但依然能感受到空她想要努力唱好的心境。","用于提升空的潜能 。","p_char_101_sora"
"p_char_215_mantic","狮蝎的信物","用牵牛花贴纸封口的淡紫色信封。拆开信封，折叠过的信纸上清秀地写着“请和我做朋友”几个字。","用于提升狮蝎的潜能 。","p_char_215_mantic"
"p_char_241_panda","食铁兽的信物","一张武打电影海报。主角的长相有些面熟。","用于提升食铁兽的潜能 。","p_char_241_panda"
"p_char_103_angel","能天使的信物","最佳老板奖章。集满五颗可以兑换一枚超强老板奖章。","用于提升能天使的潜能 。","p_char_103_angel"
"p_char_112_siege","推进之王的信物","坚硬的大颗铆钉。由伦蒂尼姆的工人打造，最终也将回到它的故土。","用于提升推进之王的潜能 。","p_char_112_siege"
"p_char_134_ifrit","伊芙利特的信物","有着严重烧灼痕迹的长篇传奇故事书。勉强还可以读。","用于提升伊芙利特的潜能 。","p_char_134_ifrit"
"p_char_180_amgoat","艾雅法拉的信物","小巧的理发剪。柄的位置细心地缠绕着隔热的布料。","用于提升艾雅法拉的潜能 。","p_char_180_amgoat"
"p_char_291_aglina","安洁莉娜的信物","酸橙味的保湿唇膏。旷野中的风与夜晚的城市一样干燥。","用于提升安洁莉娜的潜能 。","p_char_291_aglina"
"p_char_147_shining","闪灵的信物","一条外观普通的白色吊坠。无法被尘埃所沾染。","用于提升闪灵的潜能 。","p_char_147_shining"
"p_char_179_cgbird","夜莺的信物","一整盒杂乱的拼图碎片。让人更头疼的地方在于，其中有不少块都是空白的。","用于提升夜莺的潜能 。","p_char_179_cgbird"
"p_char_136_hsguma","星熊的信物","过时的流行漫画。讲述了名不见经传的鬼怪在各色同伴的陪伴下成长为英雄的故事。","用于提升星熊的潜能 。","p_char_136_hsguma"
"p_char_202_demkni","塞雷娅的信物","数张安保协防合同。其中几份已经盖上了灰色的钙质印章。","用于提升塞雷娅的潜能 。","p_char_202_demkni"
"p_char_172_svrash","银灰的信物","世上仅有数块，象征挚诚的源石冰晶。永远不会融化。","用于提升银灰的潜能 。","p_char_172_svrash"
"bilibili001","预约干员随机4选1","会是谁呢？真的期待啊~","用于抽取预约奖励。","bilibili001"
"ap_item_amiya","阿米娅的烧烤味饼干","据说最早出现于一场风浪之后，算是因天灾而诞生出的食品吧。饱含着令人无法拒绝的碳水化合物，也许通过进食寻求理智，也是人的一种本能。","用于恢复理智。得到后会直接使用，开袋即食。","ap_item_amiya"
"ap_item_chen","陈的烧烤味饼干","据说最早出现于一场风浪之后，算是因天灾而诞生出的食品吧。饱含着令人无法拒绝的碳水化合物，也许通过进食寻求理智，也是人的一种本能。","用于恢复理智。得到后会直接使用，开袋即食。","ap_item_chen"
"ap_item_texas","德克萨斯的烧烤味饼干","据说最早出现于一场风浪之后，算是因天灾而诞生出的食品吧。饱含着令人无法拒绝的碳水化合物，也许通过进食寻求理智，也是人的一种本能。","用于恢复理智。得到后会直接使用，开袋即食。","ap_item_texas"
"ap_item_doberm","杜宾的烧烤味饼干","据说最早出现于一场风浪之后，算是因天灾而诞生出的食品吧。饱含着令人无法拒绝的碳水化合物，也许通过进食寻求理智，也是人的一种本能。","用于恢复理智。得到后会直接使用，开袋即食。","ap_item_doberm"
"ap_item_jesica","杰西卡的烧烤味饼干","据说最早出现于一场风浪之后，算是因天灾而诞生出的食品吧。饱含着令人无法拒绝的碳水化合物，也许通过进食寻求理智，也是人的一种本能。","用于恢复理智。得到后会直接使用，开袋即食。","ap_item_jesica"
"ap_item_cast3","Castle-3的烧烤味饼干","据说最早出现于一场风浪之后，算是因天灾而诞生出的食品吧。饱含着令人无法拒绝的碳水化合物，也许通过进食寻求理智，也是人的一种本能。","用于恢复理智。得到后会直接使用，开袋即食。","ap_item_cast3"
"ap_item_closure","可露希尔的烧烤味饼干","据说最早出现于一场风浪之后，算是因天灾而诞生出的食品吧。饱含着令人无法拒绝的碳水化合物，也许通过进食寻求理智，也是人的一种本能。","用于恢复理智。得到后会直接使用，开袋即食。","ap_item_closure"
"ap_item_catap","空爆的烧烤味饼干","据说最早出现于一场风浪之后，算是因天灾而诞生出的食品吧。饱含着令人无法拒绝的碳水化合物，也许通过进食寻求理智，也是人的一种本能。","用于恢复理智。得到后会直接使用，开袋即食。","ap_item_catap"
"ap_item_blackd","讯使的烧烤味饼干","据说最早出现于一场风浪之后，算是因天灾而诞生出的食品吧。饱含着令人无法拒绝的碳水化合物，也许通过进食寻求理智，也是人的一种本能。","用于恢复理智。得到后会直接使用，开袋即食。","ap_item_blackd"
"ap_item_slchan","崖心的烧烤味饼干","据说最早出现于一场风浪之后，算是因天灾而诞生出的食品吧。饱含着令人无法拒绝的碳水化合物，也许通过进食寻求理智，也是人的一种本能。","用于恢复理智。得到后会直接使用，开袋即食。","ap_item_slchan"
"ap_item_SEC_60","咸蛋黄味巧克力","不知道为什么，自某个时间开始疯狂流行咸蛋黄味的食品，感觉什么都是咸蛋黄，满眼都是咸蛋黄，翻来覆去到处都是咸蛋黄，真的是很让人……无法拒绝。","食物补给品，用于恢复理智。得到后会直接使用，开袋即食。","ap_item_SEC_60"
"ap_item_CaH_200","双人汉堡餐","从风靡多个城市的连锁快餐店中买来的双人套餐。汉堡的味道与大小都令人感到饱足，美中不足的是冰饮肉桂医生®只有一杯，可能会陷入两个人互相谦让过久导致冰块融化的窘境。","食物补给品，用于恢复理智。得到后会直接使用，即食。","ap_item_CaH_200"
"p_char_282_catap","空爆的信物","一块只有士兵才会佩戴的铭牌。因为不再被束缚，所以将自己的荣誉交给你。","用于提升空爆的潜能 。","p_char_282_catap"
"p_char_283_midn","月见夜的信物","精美的高脚酒杯。昏黄的灯光下，杯身散发出令人沉醉的色彩。","用于提升月见夜的潜能 。","p_char_283_midn"
"p_char_137_brownb","猎蜂的信物","一座拳赛奖杯。底座上刻下的名字业已模糊，但杯身仿佛依然散发着自豪的光辉。","用于提升猎蜂的潜能 。","p_char_137_brownb"
"p_char_164_nightm","夜魔的信物","商店中随处可见的可爱布偶。如果放在没有光的地方，便会显现出另外一番样貌。","用于提升夜魔的潜能 。","p_char_164_nightm"
"p_char_220_grani","格拉尼的信物","一支红色的警哨。吹响时能感到一股正义感从肺腑之中飘然而出。","用于提升格拉尼的潜能 。","p_char_220_grani"
"p_char_263_skadi","斯卡蒂的信物","用家乡语言写下的歌谱。虽然完全没法理解这种文字，但她确实是打算教你这首歌的。","用于提升斯卡蒂的潜能 。","p_char_263_skadi"
"1stact","赏金猎人金币","赏金猎人们大多迷信作为护身符的幸运金币。这些金币出现在这里时，说明他们的好运已经到头了。","用以兑换各类物资。","1stact"